"","logFC","AveExpr","t","P.Value","adj.P.Val","B"
"hsa-miR-129",-3.30993640848056,6.72712396527778,-18.3868913465589,9.83589895822769e-60,4.62287251036702e-57,125.183108020056
"hsa-miR-769-5p",-1.29971250141343,6.51881425173611,-16.2109898505294,5.9270033474739e-49,1.39284578665637e-46,100.50746341885
"hsa-miR-139",-4.02617319540635,7.03019524479167,-16.0701756290788,2.84938268453415e-48,4.46403287243683e-46,98.9469872411626
"hsa-miR-433",-1.06039055724381,5.98045390104167,-15.5521083462339,8.7903183869381e-46,9.51673818227829e-44,93.2512587016999
"hsa-miR-491",-2.01630054699646,6.71974877083333,-15.5392542276008,1.01241895556152e-45,9.51673818227829e-44,93.1108821472682
"hsa-miR-218",-3.28784596749116,6.73221379166667,-14.9961272843156,3.79049645091313e-43,2.96922221988195e-41,87.2239393772578
"hsa-miR-137",-3.74258702261484,6.72261124652778,-14.662083264811,1.38643728295924e-41,9.30893604272631e-40,83.6485066896238
"hsa-miR-628",-0.961118206360418,6.34014167361111,-14.2014305265396,1.86828654387783e-39,1.09761834452822e-37,78.778643853825
"hsa-miR-485-5p",-0.659478712367484,5.99691227083333,-13.6350813236382,7.00005602138719e-37,3.65558481116887e-35,72.8948201100063
"hsa-miR-21",4.82542080706713,14.0830948402778,13.0654704434628,2.39932316995371e-34,1.12768188987825e-32,67.101485497396
"hsa-miR-128a",-2.66079344275618,7.25791698784722,-12.9419880190421,8.35859438215666e-34,3.57139941783057e-32,65.8630294148707
"hsa-miR-128b",-3.09025591484098,7.66675316145833,-12.5608959784117,3.7784618620339e-32,1.47989756262995e-30,62.0820386878119
"hsa-miR-132",-2.06909009116608,7.91649921180556,-12.4098159003596,1.68224493502389e-31,6.08196245739407e-30,60.6008066524601
"hsa-miR-27a",2.68326310883393,10.0849180798611,12.3349816322813,3.51160156334782e-31,1.17889481055248e-29,59.8709313403419
"hsa-miR-330",-1.61640016183745,6.70185144097222,-12.0105824638425,8.28213267282951e-30,2.59506823748658e-28,56.7369565431469
"hsa-miR-323",-1.41251119540636,6.24774116840278,-11.9193794235754,1.99622144287964e-29,5.86390048845895e-28,55.8648071446387
"hsa-miR-329",-1.04746223074205,6.09993447743056,-11.5094856005114,9.90375537273348e-28,2.73809707363808e-26,51.9952709364703
"hsa-miR-23a",2.26772903074204,10.1136103350694,11.1197502795567,3.75118272212534e-26,9.29263300368785e-25,48.3949009349648
"hsa-miR-138",-2.4645304590106,6.669861828125,-11.1195939445765,3.75659632063977e-26,9.29263300368785e-25,48.3934726245356
"hsa-miR-326",-0.552361824381619,5.969542390625,-10.7273566209712,1.34411498309093e-24,3.15867021026367e-23,44.8512876532297
"hsa-miR-490",-0.585013566431097,5.96889351909722,-10.6839619606516,1.98658716462106e-24,4.44617127319952e-23,44.4645681227674
"hsa-miR-124a",-5.93415974982332,9.53585225694444,-10.6683249769639,2.28632340180934e-24,4.88441817659267e-23,44.3254726786159
"hsa-miR-7",-3.68296089893992,7.66390369444444,-10.3483785942095,3.93469957414099e-23,8.04047304280984e-22,41.5096954508347
"hsa-miR-410",-2.18585999081272,7.24064876736111,-10.2690220604764,7.89845801363589e-23,1.5467813610037e-21,40.8203530321271
"hsa-miR-383",-1.04916697985865,6.07325432465278,-9.89135823332815,2.07053909032441e-21,3.89261348980989e-20,37.5904107627781
"hsa-miR-381",-1.11912299681978,6.433646421875,-9.72137842071864,8.76174418311763e-21,1.58385375617896e-19,36.1646020163615
"hsa-miR-582",-0.726774102826853,6.029025203125,-9.64070881564656,1.72691142578937e-20,3.00610507452223e-19,35.4941325975242
"hsa-miR-25",1.93349755795053,9.78968159201389,9.43192849438408,9.81495493363739e-20,1.64751029243199e-18,33.7776954144607
"hsa-miR-106b",1.90799226678445,10.7734184010417,9.29385687111167,3.05125512731648e-19,4.94513762013361e-18,32.6576779108434
"hsa-miR-432",-1.31168624946996,6.99461578125,-9.28695859001999,3.22814312457034e-19,5.05742422849354e-18,32.6020390326797
"hsa-miR-203",-0.37964860212014,5.89265381944444,-9.11834840889597,1.26790722440031e-18,1.92231095312305e-17,31.2516277342605
"hsa-miR-539",-0.282607871731445,5.83940941493056,-8.68912843792291,3.79807650406678e-17,5.57842486534809e-16,27.898203296089
"hsa-miR-379",-1.88366336325088,7.26679422569444,-8.53057770157628,1.29301821127949e-16,1.8415713918223e-15,26.6907708777403
"hsa-miR-411",-1.03444417349824,6.30111512673611,-8.47055477392887,2.04693879057974e-16,2.82959185756611e-15,26.2381614346305
"hsa-miR-95",-1.06582642014133,6.53331881076389,-8.44238036671609,2.53736938868462e-16,3.4073246076622e-15,26.0265659886249
"hsa-miR-342",-1.27728309929328,9.26376115451389,-8.29643448298023,7.6527103991414e-16,9.99103857665683e-15,24.9393038410819
"hsa-miR-15a",1.48709679222614,9.52904623958333,7.9724666033855,8.4180152580592e-15,1.06931545169941e-13,22.579411813658
"hsa-miR-93",1.52356072155476,8.75465361458333,7.9376174763726,1.08475291691378e-14,1.34166808144599e-13,22.33002294887
"hsa-miR-15b",1.74411999999999,11.0342171388889,7.84072143494445,2.18550647710493e-14,2.63381549804953e-13,21.6412253377251
"hsa-miR-504",-0.765848997526501,6.02571509201389,-7.81027717109171,2.71980584135476e-14,3.19577186359184e-13,21.4262158705684
"hsa-miR-338",-3.4379479671378,9.53568502951389,-7.74712254083047,4.27230144743649e-14,4.89751629340281e-13,20.9823496918299
"hsa-miR-29c",-1.67948872084807,10.0707185694444,-7.70467100399557,5.77822975313888e-14,6.46611424756017e-13,20.685631622786
"hsa-miR-758",-0.874616087985856,6.43128451909722,-7.67760723927458,7.00004364282777e-14,7.65121049332337e-13,20.4971588465148
"hsa-miR-155",1.97121650636041,8.48527839756945,7.60447969272912,1.17232442417514e-13,1.25225563491435e-12,19.990599163639
"hsa-miR-598",-0.686699894699649,6.44202637847222,-7.58516394326849,1.34251681474138e-13,1.40218422872989e-12,19.8574582838985
"hsa-miR-154*",-1.06948295865725,6.29521605381944,-7.56173410579342,1.58187741686609e-13,1.61626605636318e-12,19.6963312262238
"hsa-miR-107",-0.976363397173149,10.93782665625,-7.51804078790414,2.14578367848453e-13,2.14578367848453e-12,19.396943008807
"hsa-miR-299-5p",-1.05569714699647,6.60557662847222,-7.38966630156348,5.21334694614123e-13,5.0919671831181e-12,18.5255735236673
"hsa-miR-154",-0.706527709187267,6.312738296875,-7.38702831262123,5.30864663771887e-13,5.0919671831181e-12,18.5077973743971
"hsa-miR-656",-0.264522282685504,5.83508611805556,-7.18386023613324,2.10940811826703e-12,1.98284363117101e-11,17.1545771058423
"hsa-miR-153",-0.413886776678452,5.87128185763889,-6.92291228418574,1.18590367218244e-11,1.09289161946225e-10,15.4628980066347
"hsa-miR-409-5p",-0.389885685865726,6.07331886284722,-6.83833629427268,2.05251206876586e-11,1.85515513907684e-10,14.9259498240383
"hsa-miR-149",-1.74135513745583,9.01109602256945,-6.75760290722819,3.44731030540585e-11,3.05704876139764e-10,14.418629898142
"hsa-miR-210",2.17197049646644,9.11928317534722,6.59283950586011,9.7790362023587e-11,8.5113833613122e-10,13.3992554310834
"hsa-miR-92b",1.37501042120142,8.1699223125,6.57840384090083,1.0703701410366e-10,9.14679938704005e-10,13.3109715780938
"hsa-miR-136",-1.78100752367491,7.72237064583333,-6.46875719273832,2.11477462071268e-10,1.77490012809814e-09,12.6458509231114
"hsa-miR-496",-0.0982229611307357,5.75089779861111,-6.42882302295395,2.70368902660763e-10,2.22935761843086e-09,12.4060071649356
"hsa-miR-324-5p",-1.03064336537102,8.05282504861111,-6.42257866059634,2.80925234524459e-10,2.27646310735337e-09,12.3686198393689
"hsa-miR-127",-1.77250189540636,8.11787200694445,-6.3993082406589,3.23938343746203e-10,2.58052578916467e-09,12.2295683051807
"hsa-miR-340",-0.734624896113064,6.60217970833333,-6.358782806584,4.14734357138476e-10,3.2487524642514e-09,11.9884549172345
"hsa-miR-219",-3.41845369823321,9.88864565625,-6.33006794698587,4.9370100478327e-10,3.80392577455962e-09,11.8184158216336
"hsa-miR-16",1.18190198056538,11.4044518489583,6.32495882660713,5.09216324076847e-10,3.8601882631632e-09,11.7882315382281
"hsa-miR-92",1.21120790141343,10.1546152864583,6.31483130427153,5.413945028808e-10,4.03897486276153e-09,11.7284615783731
"hsa-miR-485-3p",-0.961168306360416,6.39164704340278,-6.29360802325739,6.15413231178101e-10,4.51944091646418e-09,11.6034777357979
"hsa-miR-376a*",-0.17881282296819,5.82811936631944,-6.27372522926534,6.93688093281173e-10,5.01589852064848e-09,11.4867204721555
"hsa-let-7i",1.28536940424029,10.6349721631944,6.19752315842397,1.09442587312615e-09,7.7936387934741e-09,11.0422266759364
"hsa-miR-448",-0.108787092932868,5.729742671875,-6.16654790810691,1.31554814216204e-09,9.22847204203224e-09,10.8629026486426
"hsa-miR-29b",-1.54191818480566,11.060112328125,-6.07529963956151,2.25219841472403e-09,1.55666655135337e-08,10.3392215542618
"hsa-miR-103",-0.896696065017659,10.674447375,-6.01462492891984,3.20824138445826e-09,2.18532384158751e-08,9.99480419951236
"hsa-miR-142-3p",1.68208323250882,9.44454229861111,5.97832156381402,3.95905778614614e-09,2.65822451355527e-08,9.79018663123671
"hsa-miR-133b",-0.629829250176676,6.25885638541667,-5.96535435030984,4.26678194419147e-09,2.82448945601407e-08,9.71736418965842
"hsa-miR-130b",1.42028907738517,8.57541548090278,5.90401335013384,6.0685181129052e-09,3.96139376814645e-08,9.37477470292338
"hsa-miR-331",-0.912103074911656,9.94135444791667,-5.88677191494848,6.6964455954296e-09,4.31141017787933e-08,9.27904555591781
"hsa-miR-130a",0.959799730035334,10.7138398402778,5.76283391462748,1.34942693925943e-08,8.57068461421527e-08,8.5982250903476
"hsa-miR-339",1.11009194734981,7.99220781770833,5.75161900986331,1.43687047188344e-08,9.00438829046955e-08,8.53725477190646
"hsa-miR-133a",-0.480503955830386,6.12384512673611,-5.4603685117095,7.07782451609824e-08,4.37707568758707e-07,6.99112075631573
"hsa-miR-106a",1.24382505159011,9.82457866666667,5.39567134648616,9.99086341967237e-08,6.09831923018963e-07,6.65747882721453
"hsa-miR-20a",1.38260843356891,10.0100054149306,5.38562447945836,1.05369602599439e-07,6.34919400278671e-07,6.60598944797701
"hsa-miR-377",-1.49609047703181,7.73695231597222,-5.34812378436335,1.28428750802099e-07,7.64069783252992e-07,6.41456783531542
"hsa-miR-17-5p",1.16631952473498,9.050108921875,5.34384625865016,1.31351052826193e-07,7.71687435353883e-07,6.39281017032256
"hsa-miR-495",-0.537172097526505,6.25897400694444,-5.22599986302819,2.42677890199236e-07,1.40813096782273e-06,5.79959371705696
"hsa-miR-24",0.781454559010609,11.5424012395833,5.18405865078936,3.01089571893656e-07,1.7257573023173e-06,5.59136999011436
"hsa-miR-1",-0.371189497879858,5.92170356423611,-5.14582935491206,3.66027778365936e-07,2.07268741966253e-06,5.40290581439574
"hsa-miR-380-3p",-0.196612798939928,5.83153581770833,-5.09585853121697,4.71606483853787e-07,2.61089103873482e-06,5.15847653840288
"hsa-miR-517c",-0.279308353003527,5.82008555034722,-5.09561687941192,4.7218242189885e-07,2.61089103873482e-06,5.15729980373376
"hsa-miR-605",0.715749540989397,6.66709263368056,5.06994136111085,5.37410193496948e-07,2.93700919701821e-06,5.0325622049166
"hsa-miR-148a",1.71912715865724,8.31914940104167,5.06453429530144,5.52216841163391e-07,2.98324040628498e-06,5.00636684745171
"hsa-miR-320",0.973475093639578,10.435977984375,5.04613014323487,6.05628340037454e-07,3.23460590701822e-06,4.91739671577377
"hsa-miR-193a",1.04361237491167,7.58935790451389,4.82344949109792,1.80926833925808e-06,9.55456313990222e-06,3.86447627024543
"hsa-miR-33",-1.03310594593639,7.61497732118056,-4.80765723383432,1.95216769518164e-06,1.01946535192819e-05,3.79146516938172
"hsa-miR-18a",0.779900285865718,7.82285355034722,4.7553098739467,2.50779205810216e-06,1.29523326077804e-05,3.55103242333109
"hsa-miR-142-5p",0.987134153356893,7.76376710763889,4.74733593451322,2.60478497016727e-06,1.3224809740653e-05,3.51462134042431
"hsa-miR-345",0.484617496466438,7.07155599826389,4.74636618713585,2.61682405506539e-06,1.3224809740653e-05,3.5101970736915
"hsa-miR-505",0.159097883038872,5.95010146701389,4.69780997383605,3.29308947084761e-06,1.64654473542381e-05,3.28973875077851
"hsa-miR-17-3p",0.824897373144874,7.78942803819444,4.62986644511218,4.52713556665746e-06,2.22334457300407e-05,2.98478245709977
"hsa-miR-195",1.25489620212015,11.1906949097222,4.62919536447972,4.54129955337001e-06,2.22334457300407e-05,2.98179094158006
"hsa-miR-487b",-0.938668709187276,8.75669852256944,-4.6143668873542,4.86535481557633e-06,2.35743996218647e-05,2.91579187259868
"hsa-miR-30a-5p",1.05752884381626,10.9127628680556,4.60067916499543,5.1841007486899e-06,2.48625239988189e-05,2.85504461203604
"hsa-miR-424",1.15818161908128,8.51796989930556,4.56855287845857,6.01288187842992e-06,2.85460048773946e-05,2.71312409853064
"hsa-miR-660",0.493548885159011,6.925597328125,4.55537571299547,6.38837016475947e-06,3.00253397743695e-05,2.65518027876382
"hsa-miR-487a",-0.646171262190809,6.89607388888889,-4.54138220004752,6.81171386155168e-06,3.16980744052405e-05,2.59381720487792
"hsa-miR-590",0.578971805653706,7.11924971180556,4.53411540900893,7.04204007614089e-06,3.24486160371198e-05,2.56202083954934
"hsa-miR-19b",1.09151572332156,10.5876298975694,4.49957545240161,8.24278852289659e-06,3.76127243277806e-05,2.41153709444609
"hsa-miR-10b",1.99492373074206,8.64170053819444,4.46244664220004,9.75164468542628e-06,4.40699327129842e-05,2.25097039091641
"hsa-miR-497",0.908522016254425,7.94538986458333,4.44618044505502,1.04929738613126e-05,4.69685496649231e-05,2.1810167910476
"hsa-miR-28",0.605447086219081,7.43949655208333,4.44074436916935,1.0752534434033e-05,4.76763319244861e-05,2.15769182566854
"hsa-miR-29a",-0.878736791166064,12.4619578559028,-4.41446062406865,1.20966661930418e-05,5.31348888853239e-05,2.0452901525186
"hsa-miR-196b",0.996082268904594,6.48569497395833,4.3980643151083,1.30150570906237e-05,5.66396003017884e-05,1.97548756384939
"hsa-miR-19a",1.04933201625443,9.11484424652778,4.38994722563587,1.34940362614405e-05,5.81852939713487e-05,1.94102122955677
"hsa-miR-450",0.435819389045934,6.14927588020833,4.38045858842292,1.40753269490553e-05,6.01400333277819e-05,1.90080657840583
"hsa-miR-550",0.446370508833926,6.51380152083333,4.32901965426985,1.76671799993754e-05,7.48069783757338e-05,1.6842159814742
"hsa-miR-369-5p",-0.232171849469962,6.00544171180556,-4.20242233774196,3.06102794785614e-05,0.000128453851383249,1.16138286426445
"hsa-miR-527",0.434295895052997,6.60267543576389,4.17660191570028,3.41830784652616e-05,0.000142177406005955,1.0565375686883
"hsa-miR-629",0.574058221201405,6.70102123263889,4.13446756603046,4.08796564721593e-05,0.000168249287486204,0.886754798994064
"hsa-miR-512-3p",-0.276759317667843,6.25180333159722,-4.13280830653495,4.11673788530074e-05,0.000168249287486204,0.880101899822435
"hsa-miR-32",0.579578824734983,7.01516539236111,4.12489311550192,4.25666223912594e-05,0.000172468211412861,0.848400104323682
"hsa-miR-520d*",0.436644057950534,6.60649863194444,4.09134720912273,4.90148544604019e-05,0.000196897278601615,0.71467856077731
"hsa-miR-223",1.25949090070672,9.90309043923611,4.07000057304815,5.35904829364426e-05,0.000213453618475661,0.630122339791097
"hsa-miR-488",-0.26386455724382,6.09848832465278,-4.00566629019812,6.99615956984069e-05,0.000274024930885322,0.377814633031979
"hsa-miR-492",0.241233310600714,6.04880143229167,4.00565859249305,6.99638121409333e-05,0.000274024930885322,0.377784671320053
"hsa-miR-20b",0.854262905653697,8.37852035243056,3.9871020707716,7.5504961519665e-05,0.000293283734828451,0.305715577010783
"hsa-miR-532",0.565507613074201,6.91782377256944,3.96886909933059,8.13529498817052e-05,0.000313408905281979,0.235211465661056
"hsa-miR-134",-0.586051460424028,7.00164714409722,-3.95414327641996,8.63867976549462e-05,0.00033009589347825,0.178492256306586
"hsa-miR-34a",1.32496714381626,10.0530768420139,3.95141646025271,8.73507330658323e-05,0.000330274899097985,0.168011329165481
"hsa-miR-135a",1.14136782367491,7.00328121006944,3.95004589753441,8.78390689090386e-05,0.000330274899097985,0.162745951262112
"hsa-miR-592",-0.357736076678446,6.04140601909722,-3.91839224507756,9.98636266658244e-05,0.000372507178832837,0.0416216302086676
"hsa-miR-145",-0.890564996819782,10.4983324010417,-3.8984527879431,0.000108220974082996,0.000400502817472504,-0.034203500159351
"hsa-miR-30a-3p",0.561993294346286,7.20055186631944,3.79981531172475,0.00016023449106363,0.000588361021874268,-0.403896398555877
"hsa-miR-362",0.430750673144879,6.70485886284722,3.79677470744661,0.000162162858108151,0.000590825917138226,-0.415149535457349
"hsa-miR-454-3p",0.491425316961131,6.64316972743056,3.76008989975755,0.000187221790550716,0.000676878781221821,-0.55024285210136
"hsa-miR-801",1.12563339611308,8.67533694965278,3.74808985540127,0.000196181782505476,0.0007038583036456,-0.594162538529376
"hsa-miR-577",-0.101875475265022,5.78789369618056,-3.73897084981739,0.000203259109369968,0.000723725616696097,-0.627448345904946
"hsa-miR-100",0.795153561837447,10.7025093125,3.7366970182767,0.000205060933977659,0.000724651420823307,-0.635736161277398
"hsa-miR-610",0.559068664664313,6.99943691145833,3.68660882729323,0.00024877991876997,0.00087258628225288,-0.817082281197259
"hsa-miR-502",0.190241963957598,6.13875605208333,3.64209693055928,0.000294850134639322,0.00102651528355912,-0.976280122152789
"hsa-miR-146b",0.883438899646649,7.99547221875,3.61296021023383,0.000329223848469964,0.00113775888809473,-1.0794883362011
"hsa-miR-373*",0.356247811307425,6.38683525347222,3.60808328805209,0.000335332387697181,0.00115041038115091,-1.0966860155531
"hsa-miR-99a",0.837938331802116,10.1547324913194,3.60021918530721,0.000345406925334959,0.00117638590512631,-1.1243707443447
"hsa-miR-409-3p",-0.604975822968202,7.33639952951389,-3.55006949120877,0.000416635411548445,0.00140876721890481,-1.29955851152501
"hsa-miR-328",-0.561013305653709,6.42671550868056,-3.54732925254834,0.000420898795847875,0.00141301738606072,-1.30906323655254
"hsa-miR-500",0.330627199646646,6.51790864409722,3.45757783812279,0.000585342971959017,0.00195114323986339,-1.6164859356247
"hsa-miR-551b",0.662252900706724,7.32623515451389,3.44962159513112,0.000602502859293197,0.00199419960470283,-1.64337376810187
"hsa-miR-625",-0.32860058727915,6.66717768402778,-3.43844644557334,0.000627399053351895,0.00206208080472301,-1.68103941917944
"hsa-miR-146a",0.484030536749114,7.09858242881944,3.42986195291913,0.000647171869889839,0.00211229707533489,-1.70989365423948
"hsa-miR-422a",0.221622031802121,6.13420692708333,3.42475087151187,0.000659218714704811,0.00213677790283628,-1.72704016481938
"hsa-miR-196a",0.799624854063619,6.474004578125,3.40501383762529,0.000707728860159784,0.00227731408193465,-1.79302295619666
"hsa-miR-542-3p",0.401922668551234,6.43105644444444,3.40323272548294,0.000712266319243391,0.00227731408193465,-1.79895936947878
"hsa-miR-34b",0.884888098939938,7.87515445833333,3.35197024607191,0.000855075690931957,0.00270760657260265,-1.96853704341456
"hsa-miR-422b",0.544788186219079,7.85751415798611,3.35088490236304,0.00085836889216552,0.00270760657260265,-1.97210064447215
"hsa-miR-222",-1.26740070600707,9.66407987847222,-3.34365885064302,0.000880596908463691,0.00275920364651956,-1.99579826124568
"hsa-miR-200a*",0.360880885865726,6.49810419270833,3.33662876552934,0.000902734532056792,0.00280983596070657,-2.01880599165642
"hsa-miR-611",0.10931734946996,5.93781367881944,3.30964976522848,0.000992579904021412,0.00306916154532937,-2.10666908534098
"hsa-miR-211",-0.237441458303887,5.93044218923611,-3.30055034368914,0.00102470849174283,0.00314779732757601,-2.13614854143756
"hsa-miR-152",0.6914100409894,7.83165919444444,3.20754006129605,0.00141317596643427,0.00431293963781886,-2.43298895082643
"hsa-miR-221",-0.869010390106009,7.80238639583333,-3.17851429710719,0.00155984635314207,0.00472985668372111,-2.52394860794196
"hsa-miR-18b",0.220267554770329,6.24830496527778,3.1577902003954,0.00167303199184014,0.00504054510362093,-2.58840441223667
"hsa-miR-296",0.528807324381623,6.76988604166667,3.13465000535108,0.00180833566476779,0.00541348893274434,-2.65989346974183
"hsa-miR-663",0.742374293286209,8.19657385069444,3.12718955308046,0.00185406262315803,0.00551524957521694,-2.6828334030272
"hsa-miR-10a",0.866765539222611,6.96828332638889,3.08335033969667,0.00214498009787857,0.00634050720756559,-2.81656559278542
"hsa-miR-125a",-0.538896560424035,10.7003084826389,-3.0721070483516,0.00222606935314726,0.00653907872487007,-2.85056918708268
"hsa-miR-585",-0.0544707077738504,5.81184106423611,-2.99946205334763,0.00282160501789083,0.00823698359260055,-3.06737345650906
"hsa-miR-26b",0.637427196466438,8.97046455208333,2.99208469832107,0.00288960745491479,0.00838342903586391,-3.08910956047043
"hsa-miR-542-5p",0.395244680565367,6.53952109375,2.91657867927713,0.00367701573307025,0.0106024380033314,-3.30858997520687
"hsa-miR-374",0.60620279505301,8.46450294097222,2.91126363780829,0.00373921340551036,0.0107160384182309,-3.3238346225898
"hsa-miR-423",0.16349730070673,6.17249360590278,2.90474672105336,0.00381678358476669,0.0108720502111536,-3.34248965386609
"hsa-miR-503",0.217660860777384,6.18881382638889,2.86905470388687,0.00426822716478448,0.012084739562944,-3.44393979054597
"hsa-miR-494",0.791090172791513,9.31434016840278,2.86537805905823,0.00431738685880598,0.0121507294828671,-3.45432096853726
"hsa-miR-346",-0.182301372084803,5.96135518229167,-2.85634146790437,0.00444040799621881,0.0123853523991018,-3.47978123054665
"hsa-miR-602",0.268304912014137,6.468357140625,2.85539637048407,0.00445345650095364,0.0123853523991018,-3.48243949285185
"hsa-miR-215",0.236642325441699,6.48876275173611,2.84540188720158,0.00459359312153627,0.0126999339242473,-3.51049849987369
"hsa-miR-185",-0.410108401766772,8.69841993576389,-2.83813761091455,0.00469794831185138,0.0129124895121061,-3.53083256489888
"hsa-miR-367",0.103368056183753,5.947801171875,2.83551854851793,0.00473609716955434,0.0129416608702938,-3.53815141406095
"hsa-miR-382",-0.278324475971728,6.60049644618056,-2.77512715616089,0.00569747097116109,0.0154786783609579,-3.70508892873567
"hsa-miR-34c",0.499634181272085,6.24730887673611,2.74793152098311,0.00618543251586826,0.0167077774853913,-3.77912231784155
"hsa-miR-425-3p",-0.13087779681979,5.98059888715278,-2.7393779565435,0.00634652744672838,0.0170449594283562,-3.80226048907407
"hsa-miR-101",-0.55073347915194,10.2725920659722,-2.68656256894823,0.00742785439963883,0.0198357475444901,-3.94357365585686
"hsa-miR-521",-0.12034748621908,5.83062807986111,-2.66113600891292,0.00800529810807545,0.0212570062756806,-4.0106484983806
"hsa-miR-135b",0.407908967491169,6.14213011458333,2.65006496953877,0.00826908342165767,0.0218340966751635,-4.03965925912584
"hsa-miR-614",0.0725731031802068,5.91056675347222,2.63269966307095,0.0086985690559876,0.0228398181916993,-4.08492587391142
"hsa-miR-199a*",0.937631218374558,7.70795629861111,2.57946631815035,0.0101424306624409,0.0264830133963734,-4.22187978946502
"hsa-miR-23b",-0.532181126855134,10.5546049288194,-2.55560591326653,0.010856377500573,0.0281905935097752,-4.28237855850152
"hsa-miR-560",0.357582459363965,6.74906343055556,2.51834402610524,0.0120610926133147,0.0311467776277907,-4.37575769767725
"hsa-miR-376a",-0.797538402473485,8.12328455034722,-2.49640378446252,0.0128247471537256,0.0329378752035575,-4.43011293031994
"hsa-miR-214",0.809070351590107,7.47740949131944,2.49267628935721,0.012958666127549,0.0331009406518916,-4.43930126044517
"hsa-miR-526b",0.129557631448759,6.08133496701389,2.47274023680103,0.0136961847008489,0.0347957124832377,-4.48821579692882
"hsa-miR-105",-0.0560845904593608,5.77489080034722,-2.46900814488891,0.0138383088158114,0.0349677695883406,-4.49733002820155
"hsa-miR-519e*",0.295758830388698,6.75383312847222,2.42804059029382,0.0154863612747907,0.0388004268007981,-4.59649165536609
"hsa-miR-370",1.20683889540636,9.72068903125,2.42724124897389,0.0155201707203193,0.0388004268007981,-4.5984102910894
"hsa-miR-141",0.260305318374566,6.23347942881944,2.37563213612859,0.0178456284693391,0.0443780178867163,-4.7209756466644
"hsa-miR-518f*",0.169299341342769,6.21891491666667,2.31098684601306,0.0211863412062526,0.0524083177207301,-4.87085551356372
"hsa-miR-182",1.02344072650177,7.79532295833333,2.27755101244965,0.0231195455409752,0.0568910282945464,-4.9467839482109
"hsa-miR-498",0.271307996113087,6.44853448784722,2.27418783694684,0.0233222472871401,0.0570909178383116,-4.95436113781779
"hsa-miR-188",0.514153960070678,7.56478327604167,2.25092168987541,0.0247673519789455,0.0603142768399192,-5.00647822204982
"hsa-miR-144",0.571878386219075,7.02232734201389,2.2325232492108,0.0259645699507431,0.0629038550353054,-5.04731861224207
"hsa-miR-452",0.494157073851592,7.52340965798611,2.19846342488005,0.0283136846553781,0.0682432399386036,-5.12205420798686
"hsa-miR-224",0.265855045229685,5.97632190625,2.19227765970279,0.0287594661733638,0.0689640260279641,-5.13550608148774
"hsa-miR-650",0.309375971378093,7.36352856076389,2.16672442928875,0.0306657745777463,0.0731620002616283,-5.19068033119683
"hsa-miR-200b",0.216221800000001,6.14344114930556,2.14682825702312,0.0322244660678181,0.0764924194539116,-5.23319925438976
"hsa-miR-299-3p",-0.280119431448751,6.561600453125,-2.14247813256223,0.0325741859863667,0.0766223017383275,-5.24244422675007
"hsa-miR-524*",0.12373988056538,6.00383171875,2.1420938618067,0.032605234782267,0.0766223017383275,-5.24325999964616
"hsa-miR-9*",0.748962214840985,13.6964347986111,2.13738989584757,0.0329873760865896,0.0771346605009808,-5.25323443285418
"hsa-miR-454-5p",0.0692280773851595,5.85718390104167,2.11854783876338,0.0345568445087427,0.0804045392035102,-5.29297132930749
"hsa-miR-96",0.19275206572438,5.95314347569444,2.11292585724104,0.0350373485044312,0.0811209546654319,-5.3047606963825
"hsa-miR-484",0.237729793992938,7.040376640625,2.10800409981948,0.0354626887089765,0.0817032533981322,-5.31505636428686
"hsa-miR-574",0.530426058657247,7.80411107291667,2.10532807738892,0.0356957998475359,0.0818391508699604,-5.32064432916112
"hsa-miR-630",0.855505625441698,7.98057709722222,2.07749570991497,0.0381989901478593,0.087153035774242,-5.37834832970512
"hsa-miR-199b",0.417703871024742,6.44373206770833,2.06948578376988,0.0389465460174776,0.0884293556918573,-5.39481489607527
"hsa-miR-98",-0.342422382685514,7.89295755034722,-2.04981289804511,0.0408356439039988,0.0922728492061511,-5.43499182511315
"hsa-miR-192",0.291253301766784,7.10148752083333,2.02674547155876,0.0431493302183822,0.0970343789599984,-5.48161952685857
"hsa-miR-190",-0.119071412014129,5.930431,-2.02424135150755,0.0434070527551802,0.0971491180711177,-5.48664997113526
"hsa-miR-194",0.195239179505287,6.62093451041667,2.01473878306209,0.0443969448204323,0.0985135770708349,-5.50568358851604
"hsa-miR-526a",0.173081073498238,6.23650559375,2.01436840212048,0.0444359113596106,0.0985135770708349,-5.50642367258508
"hsa-miR-193b",0.387105012720843,8.72608373958333,1.98920312046417,0.0471520765477678,0.104044488157046,-5.55639391282413
"hsa-let-7c",0.350151684805656,12.8399720625,1.93855589490212,0.0530443725228558,0.116499322830571,-5.65508439130404
"hsa-miR-518c*",0.183240864310958,6.45343489930556,1.92947391021396,0.0541636500112491,0.118057753134939,-5.67251583595587
"hsa-miR-493-3p",0.337396624381618,6.28569014409722,1.92872896128515,0.0542563291003125,0.118057753134939,-5.67394206298109
"hsa-miR-636",0.204397716961124,6.27480534548611,1.92218283942994,0.0550764510360816,0.11929000915649,-5.68645142970662
"hsa-miR-369-3p",-0.0745099014134292,5.80192237326389,-1.91544906467702,0.0559308684147978,0.120584899793371,-5.69927558521065
"hsa-miR-635",0.0425154565371058,5.83360744097222,1.90172614857178,0.0577063919707602,0.123844768156426,-5.72527267962005
"hsa-miR-648",0.178098666431096,6.22216747569444,1.89367042768189,0.0587703831760796,0.12527105795166,-5.74044769346527
"hsa-miR-552",-0.0374855427561842,5.79348794791667,-1.89266700668402,0.0589040506538656,0.12527105795166,-5.74233343844066
"hsa-miR-544",-0.0293584600706707,5.73683463541667,-1.85819492335379,0.0636521021531036,0.134758955008823,-5.80651779028872
"hsa-miR-627",0.0836524289752711,6.05023132986111,1.84548717600309,0.0654805432729447,0.138008319902619,-5.82988458835785
"hsa-miR-198",0.415130200000004,7.40467037847222,1.80726725678433,0.0712430457361001,0.148856748140646,-5.89920760399203
"hsa-miR-640",0.135670870671377,6.06708167361111,1.80715087763379,0.0712612092162667,0.148856748140646,-5.89941650161557
"hsa-miR-513",0.495712828268539,7.50331590277778,1.76776749853739,0.0776299701115235,0.161442858196531,-5.96934467843574
"hsa-miR-183",0.444672021554774,6.46171832118056,1.72580386692924,0.0849198293295067,0.175825197290168,-6.04217697788394
"hsa-miR-365",-0.238684881625435,7.085073453125,-1.71075377901151,0.0876658455158024,0.180714681545733,-6.06787612507804
"hsa-miR-768-5p",0.317068029328626,8.45542577604167,1.68282288098281,0.0929521401168667,0.190775134737674,-6.11497969270522
"hsa-miR-452*",0.109570039575973,5.86054088194444,1.67771701385424,0.0939456789010566,0.191419436920404,-6.1235073940332
"hsa-miR-30d",0.259719284805659,10.2326680694444,1.6770269116525,0.0940806168693899,0.191419436920404,-6.12465801833678
"hsa-miR-520b",0.173283631095405,6.18054553472222,1.65636444577533,0.0981934883258,0.198926463418647,-6.15889189144506
"hsa-miR-581",-0.0227169780918661,5.73189351388889,-1.64770398157928,0.099959634175138,0.201635313572167,-6.17311565502805
"hsa-miR-200a",0.152101122261487,6.06148177777778,1.6331972375659,0.102974837889088,0.206829802597741,-6.1967757316331
"hsa-miR-181c",-0.343932136042397,8.37747690798611,-1.61631734476428,0.106574099232403,0.213148198464806,-6.22404539846034
"hsa-miR-189",-0.0847975922261455,6.00873928819444,-1.61243555905365,0.107415781737856,0.213921260240645,-6.23027676680692
"hsa-miR-30e-3p",0.215075195053007,7.41123485069444,1.60634663562847,0.108746659406373,0.21544732829611,-6.24002130522611
"hsa-miR-143",-0.356050650883391,9.68888418402778,-1.60474517504672,0.109098859860583,0.21544732829611,-6.24257816830842
"hsa-miR-770-5p",-0.245036851236746,7.77477606076389,-1.59328165089966,0.111646445586944,0.219555771656334,-6.2608068183614
"hsa-miR-30c",0.300517467491169,9.23394855034722,1.58377988483327,0.113793535190708,0.222845673081803,-6.27581781117158
"hsa-miR-197",-0.336665171024737,7.92826651041667,-1.56915973814056,0.117160731036589,0.228487732726957,-6.29874103006315
"hsa-miR-508",-0.0758187600706748,5.93277223784722,-1.56525551081672,0.1180730633428,0.229315453599653,-6.30482688840062
"hsa-miR-27b",-0.332560679505301,9.27390104340278,-1.5624077012119,0.118742051293285,0.229665695917053,-6.30925653537238
"hsa-miR-617",0.0959878742049529,6.09488911805556,1.54698658801118,0.122416560124472,0.235802390403696,-6.33310449041422
"hsa-miR-516-5p",0.124327619081289,6.02117975347222,1.53490969191643,0.125355944112068,0.240478749929272,-6.35161699109095
"hsa-miR-606",0.0228282862190907,5.70946946180556,1.52877498163115,0.126870041661918,0.242393982036998,-6.36096568594226
"hsa-miR-514",-0.0253556618374517,5.766779140625,-1.52019981714486,0.129010333980065,0.244727359136672,-6.37397115753496
"hsa-miR-520e",0.0888108088339221,5.99563415451389,1.51971277716316,0.129132734182754,0.244727359136672,-6.3747076459854
"hsa-miR-199a",0.421566787985872,6.89319892013889,1.51396267530761,0.130584664142678,0.246485109024333,-6.38338509402917
"hsa-miR-655",-0.0268588402826841,5.74815655902778,-1.49816515634927,0.134639005565231,0.253121330462633,-6.40705705179215
"hsa-miR-615",0.198557449823319,6.081126671875,1.48733496894901,0.13747441193822,0.257422205621367,-6.4231433124582
"hsa-miR-18a*",0.0803215508833937,5.92246427951389,1.48209738493584,0.138862099469088,0.258988836311394,-6.43088123784712
"hsa-miR-643",0.0191276427561888,5.751933265625,1.47042196231756,0.141994387127409,0.263784039327597,-6.44803282568076
"hsa-miR-566",0.0575696823321561,5.99084250868056,1.46698818406632,0.142925880852194,0.264469149608391,-6.45305154161677
"hsa-miR-604",0.0372163946996489,5.83587237673611,1.46109417962886,0.144535721327556,0.266399172642947,-6.46163890501334
"hsa-miR-451",0.633861160777387,9.89332712673611,1.45730597786676,0.145577731636741,0.267271616676828,-6.4671400706014
"hsa-miR-662",0.150579232508832,6.17952190972222,1.44284229200302,0.149609317049957,0.273604587601088,-6.48801360321012
"hsa-miR-181a",-0.296937190106007,9.82392156944444,-1.43966874903288,0.150505225321538,0.274176185663268,-6.49256590884094
"hsa-miR-519a",0.0207137466431027,5.76930353298611,1.42494349715193,0.154715978943259,0.280758726267689,-6.51355840067466
"hsa-miR-182*",0.0744103469964648,5.91265910069444,1.41539914635874,0.157492774837401,0.284698477590687,-6.52705047387303
"hsa-let-7e",-0.276488650176685,11.683339,-1.41007944812664,0.159056812823746,0.286424145697934,-6.534531419205
"hsa-miR-184",0.11686912155477,6.28390384375,1.40295466774874,0.161169984940492,0.289121728710042,-6.54450697675565
"hsa-miR-608",0.0303187742049511,5.80576170659722,1.39344256702922,0.164024275901785,0.293123230699008,-6.55774684315891
"hsa-miR-802",-0.0176725021201394,5.71442051215278,-1.3867363650072,0.166059440030034,0.295636124295894,-6.56702741534623
"hsa-miR-200c",0.178655440989398,6.26666818402778,1.37992325748409,0.168146488252596,0.298222073504605,-6.5764103890211
"hsa-miR-631",0.169346706007069,6.28522755902778,1.37746921326864,0.168903048724399,0.298437717670931,-6.57977883944142
"hsa-miR-31",-0.278643433568901,6.45859252604167,-1.36599167158492,0.172475497644538,0.303608553906116,-6.5954539740924
"hsa-miR-583",0.11269065689047,6.076484921875,1.3631987777134,0.173353312313411,0.304015137266057,-6.59924857989153
"hsa-miR-526b*",0.0344238494699676,5.81519441319444,1.35904819280835,0.174664031495159,0.305175073616077,-6.6048735776962
"hsa-miR-659",0.16377101590106,6.49023076909722,1.35403132215261,0.176258200699419,0.306819830847137,-6.61164984236697
"hsa-miR-567",0.0334665084805659,5.87211519270833,1.3497650323113,0.177622399501066,0.30805360799078,-6.61739270939718
"hsa-miR-624",0.0295829325088368,5.81262003993056,1.3388384621871,0.181152229897116,0.313020397248693,-6.63201887494533
"hsa-miR-520c",0.0327706929328668,5.81207255729167,1.33495544162748,0.182419132889754,0.314054917429246,-6.63718818397493
"hsa-miR-217",0.132228881625438,5.87558124131944,1.33265047189235,0.183174278391105,0.314204054174523,-6.640249639933
"hsa-miR-361",-0.176981558657243,8.93596773784722,-1.30873553746477,0.191146678341713,0.326687050256745,-6.67170309458547
"hsa-miR-30b",0.216126901413441,7.87274949826389,1.30518781220558,0.19235084711866,0.327553978789023,-6.67632091948907
"hsa-miR-449b",0.0336081522968232,5.83066147743056,1.29603234570127,0.195484211001258,0.330882906544649,-6.68818037402747
"hsa-miR-455",0.132098441342762,6.246174765625,1.2953659940335,0.195713719190239,0.330882906544649,-6.6890402868684
"hsa-miR-632",0.0406772222614897,5.90617522048611,1.29000340901442,0.197567940481471,0.332820544897102,-6.69594458364536
"hsa-miR-572",0.254981571024739,7.10653110763889,1.28763771830013,0.198390010217938,0.333011802865824,-6.69898134462407
"hsa-miR-186",0.17177528021202,7.50874147048611,1.28218102194566,0.200295752471266,0.335014247905676,-6.70596479528125
"hsa-miR-368",-0.269599704946999,6.82520884548611,-1.27832907741846,0.201649082948239,0.336081804913732,-6.71087673836057
"hsa-miR-191",-0.14398951236749,7.61884430555556,-1.27577961845221,0.202548471178786,0.336387920332259,-6.71411968940781
"hsa-miR-483",0.166676202826855,6.06627771875,1.2714685095541,0.204075988626895,0.337731389629016,-6.71958883948789
"hsa-miR-579",0.0221210243816268,5.73969167881944,1.26421662897502,0.206664412803409,0.340351400985352,-6.7287471772237
"hsa-miR-523",0.0851228233215586,5.95849049652778,1.26101040184917,0.207816403291792,0.340351400985352,-6.73277968673659
"hsa-miR-584",-0.106159701413413,6.42948684895833,-1.26046876708272,0.208011471628406,0.340351400985352,-6.7334599016943
"hsa-miR-425-5p",-0.142387369611312,8.06835783333333,-1.25895944545056,0.208555752093152,0.340351400985352,-6.73535385817906
"hsa-miR-623",0.184817608480571,6.60524606944444,1.24701470782606,0.212899711741337,0.346238285530894,-6.75026298307872
"hsa-miR-565",0.257248078798575,8.06901536631944,1.23463110428485,0.217472036678745,0.352454680134518,-6.7655706392134
"hsa-miR-548d",0.0197431480565324,5.75615158506944,1.2304595916789,0.219028088069742,0.353756705817108,-6.77069292508456
"hsa-miR-421",0.116027967137812,6.93974869270833,1.20242132221605,0.229695161875417,0.369714815347417,-6.80467415180266
"hsa-miR-622",0.18941973922261,6.65675480208333,1.19402548257328,0.232960259867709,0.372263699469185,-6.81469794937727
"hsa-let-7b",0.216170849469988,14.0096110833333,1.19370078661501,0.233087192004848,0.372263699469185,-6.81508420042644
"hsa-miR-181b",-0.213713154416961,9.94742454340278,-1.19225017355376,0.233654875198744,0.372263699469185,-6.81680854060889
"hsa-miR-525",0.0682983773851582,5.95196154166667,1.18717762366025,0.235647691452664,0.374170320887675,-6.82282186422658
"hsa-miR-561",-0.0193084738515941,5.73386894270833,-1.18297520189834,0.237307776186533,0.375537558274986,-6.8277843585914
"hsa-miR-516-3p",0.0416566088339181,5.88654630381944,1.17866279980023,0.239019901670291,0.376977697265224,-6.83285851939964
"hsa-miR-642",-0.01627139575971,5.73650709375,-1.16368965006662,0.245032365477081,0.385167932355278,-6.85033339754294
"hsa-miR-596",0.0322726618374602,5.81337977256944,1.14676062120156,0.251957443748567,0.394016403769748,-6.86982311042472
"hsa-miR-621",-0.0172166038869301,5.71354559548611,-1.14583941215485,0.252338164967434,0.394016403769748,-6.87087550556341
"hsa-miR-576",-0.0215677802120142,5.74779226041667,-1.13906817960747,0.255148948498916,0.397086111902286,-6.87858516790042
"hsa-miR-9",0.442783248409896,12.0849119392361,1.1166153188513,0.264625134478217,0.410474631038819,-6.9038242649446
"hsa-miR-600",-0.0137372968197855,5.71431069791667,-1.10484831973615,0.269687333111537,0.416950811060599,-6.91685166980189
"hsa-miR-571",0.0445297431095408,5.88254705729167,1.10026797077076,0.27167570829166,0.418647812777313,-6.92188547886498
"hsa-miR-769-3p",-0.0952445328621856,6.30663511805556,-1.06758429697991,0.28615599891959,0.439520651935318,-6.95720036533869
"hsa-miR-493-5p",0.0732110844523071,6.09848075868056,1.05651907742578,0.291174730300907,0.445772388408555,-6.96891607513702
"hsa-miR-126*",0.158715631802119,6.68699555208333,1.0529765528144,0.29279394002619,0.446795947442563,-6.97264115968192
"hsa-miR-449",0.0769123901060116,5.93794480555556,1.04635112708713,0.295838516256664,0.44918729929366,-6.97957456725372
"hsa-miR-658",0.0411268908127163,5.92574568229167,1.04541050900499,0.296272474002201,0.44918729929366,-6.98055537576427
"hsa-miR-647",0.0826034575971724,5.85125786979167,1.02546310192591,0.305575851247452,0.461802733396471,-7.00114816191901
"hsa-miR-33b",-0.0144820554770257,5.72906276909722,-1.01146333162753,0.312220073797742,0.470331521426086,-7.01536482627881
"hsa-miR-613",0.0358816897526495,5.81215534375,1.00261712999618,0.31646728591432,0.47520646766687,-7.02424768223645
"hsa-miR-553",-0.0171402908127227,5.74941938368056,-0.999860173458225,0.31779868115423,0.475685924020662,-7.02700016946709
"hsa-miR-302a*",0.0201705621908133,5.78400617881944,0.982237560759093,0.326395853949965,0.48700333763963,-7.04441576953529
"hsa-miR-375",-0.0465658459363949,5.80878988888889,-0.974887614409815,0.330025883647316,0.490861282639995,-7.05158816942846
"hsa-miR-651",-0.0134225473498191,5.73563478298611,-0.965866486871847,0.334516968571574,0.495971530689715,-7.06031798592451
"hsa-miR-373",0.0484553134275618,6.03116917534722,0.963700427901282,0.335601173973676,0.496014313734678,-7.06240205494545
"hsa-miR-204",0.412558673498229,8.52490999652778,0.95563179023679,0.339659810678561,0.500439219495059,-7.07012423243507
"hsa-miR-520d",0.0363283053003496,5.89216930555556,0.948507798515869,0.343269395856124,0.504176925163682,-7.07688852813345
"hsa-miR-187",0.043609903180216,5.95365908680556,0.938461179812731,0.348401413675492,0.508918465872748,-7.08634213138379
"hsa-miR-580",0.0143293328621876,5.74112465972222,0.937951063049138,0.348663289385159,0.508918465872748,-7.08681946066255
"hsa-miR-612",0.0152779551236781,5.75614611284722,0.907815699758961,0.364355838433998,0.530177226204269,-7.11455872031957
"hsa-miR-371",0.0500777547703128,5.90540714930556,0.905209915227612,0.365733247558861,0.530538970224273,-7.11691489167645
"hsa-miR-588",-0.0124194519434599,5.74742996354167,-0.881467654485888,0.378432994169402,0.547272330029596,-7.13807171758048
"hsa-miR-324-3p",0.155068741696105,9.66673627604167,0.867079679862931,0.386259977198077,0.556877881236491,-7.15062001683785
"hsa-miR-569",-0.0124060720847963,5.74725011111111,-0.855208582535918,0.392791819441869,0.564563165558649,-7.16081817548266
"hsa-miR-551a",-0.0166839985865712,5.76624535416667,-0.851375161879148,0.394915340173744,0.564945251158255,-7.16408141795922
"hsa-miR-618",-0.0164655812720893,5.75234727951389,-0.850390929587114,0.395461675810779,0.564945251158255,-7.16491689754989
"hsa-miR-559",-0.0130993554770233,5.73851576388889,-0.841889854866887,0.400199554395014,0.567317603550336,-7.17209303420162
"hsa-miR-520f",0.0317977314487674,5.8182126875,0.841263276415258,0.400550111937864,0.567317603550336,-7.17261911126556
"hsa-miR-620",-0.0131245954063566,5.74202676215278,-0.840917762815924,0.400743498678109,0.567317603550336,-7.17290903834519
"hsa-miR-645",0.0180839632508869,5.82286580555556,0.834847255870953,0.40415037604645,0.570422452678172,-7.17798353592248
"hsa-miR-205",0.0681257505300348,6.01432521180556,0.827854874566507,0.408096086990634,0.574266948759275,-7.1837831990635
"hsa-miR-126",0.215859554770322,11.4852674930556,0.823463373532894,0.410585875600373,0.576045855319927,-7.18740074556429
"hsa-miR-548b",0.0154913865724398,5.77254663888889,0.818441820389597,0.413443935367833,0.578329314353814,-7.19151378007764
"hsa-miR-556",-0.0126704113074219,5.72495686111111,-0.816064987114244,0.414800838200939,0.578505620042852,-7.19345183577577
"hsa-miR-301",0.193713017667847,8.33961344444444,0.812713588826674,0.416718585608659,0.579460755136301,-7.19617499118562
"hsa-miR-607",-0.0115899544169613,5.72165996006944,-0.807630988164459,0.419636951656162,0.581797543594089,-7.20028348732879
"hsa-miR-609",0.0456305763250775,5.83367017881944,0.797660012452737,0.42539703254471,0.588048839105922,-7.20826876667104
"hsa-miR-216",0.0427075120141325,5.78528126215278,0.794313935568901,0.4273403344784,0.589002807052341,-7.21092629941905
"hsa-miR-638",0.246334567137813,9.92830742534722,0.783947587758886,0.433393617047968,0.595599415241359,-7.2190887337655
"hsa-miR-573",0.0106736381625456,5.72697613194444,0.780392575739796,0.435480910322502,0.596723113269901,-7.22186330268549
"hsa-miR-653",0.0136832554770301,5.77999709895833,0.774749875123358,0.438805881872423,0.599531292093136,-7.22624140448944
"hsa-miR-429",0.0369507558303805,5.81811194965278,0.76873688650342,0.442365089229242,0.601657155699414,-7.23087191411842
"hsa-miR-557",0.141226454063609,7.21111810590278,0.767798419882985,0.442922076323399,0.601657155699414,-7.23159136463871
"hsa-miR-637",0.0203331378091809,5.82696363194444,0.751282274152136,0.452790104847841,0.612188759680064,-7.24410948559473
"hsa-miR-302b*",0.0126585812720732,5.77515331423611,0.750467378939833,0.45328018801843,0.612188759680064,-7.24472008848154
"hsa-miR-509",-0.119284934275617,6.97583778472222,-0.745285468040293,0.456403636368639,0.614307897656083,-7.24858743174048
"hsa-miR-302c*",0.0410855756183697,6.145924984375,0.743531949416656,0.457463328041764,0.614307897656083,-7.24989005456918
"hsa-miR-564",-0.107600969611307,7.00779540277778,-0.722606089663608,0.47021566586753,0.628208262293135,-7.26519873041722
"hsa-miR-671",0.18066624699647,7.83979138020833,0.722162851669799,0.470487890057837,0.628208262293135,-7.26551827148444
"hsa-miR-520a*",0.0168078964664291,5.80266719270833,0.714926943759883,0.474944295468652,0.632362093116902,-7.2707071370219
"hsa-miR-626",-0.00945335229681987,5.73171316840278,-0.703896350024021,0.481782220567663,0.639436317987451,-7.2785168043513
"hsa-miR-595",0.0960022346289788,6.12853322916667,0.701975397067918,0.48297849550116,0.639436317987451,-7.27986444688692
"hsa-miR-517*",-0.0119339597173154,5.82145142708333,-0.698384777340734,0.485218887343383,0.640597969245477,-7.28237358383396
"hsa-miR-661",0.0138552742049498,5.77622803125,0.685082774498299,0.49356771021066,0.649795024647088,-7.29155712295602
"hsa-miR-512-5p",0.0115889367491171,5.79810153993056,0.678329594783375,0.497835579434297,0.653583023279663,-7.296151959323
"hsa-miR-432*",-0.0287896169611317,5.79498190277778,-0.660973035946716,0.508894293423613,0.665486967441444,-7.3077527913441
"hsa-miR-507",0.0122654081272087,5.82378146701389,0.65966220558495,0.509734698465787,0.665486967441444,-7.30861673539063
"hsa-miR-603",0.00880961130741742,5.73532616666667,0.650762733710699,0.515459565283592,0.671096940950937,-7.31443693251505
"hsa-miR-634",-0.0355383745583016,6.04082911111111,-0.641981571573974,0.521140950600434,0.676183431008515,-7.32010238558952
"hsa-miR-151",0.0832717392226163,8.02138114930556,0.640282755933305,0.522243798842746,0.676183431008515,-7.32118955931527
"hsa-miR-363",0.145071868904605,8.29931746006944,0.620753126392157,0.535007992540194,0.690807023334867,-7.33348111150856
"hsa-miR-181d",-0.121825823321547,9.02526320833333,-0.614837138605424,0.538905462794908,0.693933061681114,-7.33712948348831
"hsa-miR-639",0.0134817590106016,5.80870960069444,0.607927736087799,0.543475390868684,0.696534832004149,-7.34134632012548
"hsa-miR-181a*",0.0914445371024692,6.93935145833333,0.607302370450089,0.543889964564942,0.696534832004149,-7.34172563454019
"hsa-miR-633",0.0102273109540576,5.73554825347222,0.593590282835031,0.553019564954907,0.70630216176306,-7.34994467463297
"hsa-miR-212",-0.0998337293286156,8.66508079513889,-0.586587551005591,0.557710915612554,0.710363496850678,-7.35406980462771
"hsa-miR-562",-0.0100464183745492,5.74399729861111,-0.581801926632757,0.560928085501659,0.712530270772377,-7.3568607682659
"hsa-let-7f",0.119543932155478,12.3843004166667,0.573565693391177,0.56648595148736,0.716829684778721,-7.36161064653629
"hsa-miR-545",0.0189468734982308,5.91339503472222,0.572269452708447,0.567363069654647,0.716829684778721,-7.36235203461934
"hsa-miR-518e",-0.0183325197879896,5.766921953125,-0.565709303041965,0.571812054070901,0.720513848293092,-7.36607843146504
"hsa-miR-519e",0.0343976505300452,5.99756676909722,0.561375340620227,0.574760368021952,0.721904007353997,-7.36851673376962
"hsa-miR-486",-0.149938252650172,7.79854534201389,-0.559574974123478,0.575987239910104,0.721904007353997,-7.36952411945007
"hsa-miR-499",-0.0107315056537107,5.79720800520833,-0.556255296298113,0.578252700914733,0.722815876143416,-7.37137315273643
"hsa-miR-619",-0.0108050130742026,5.76087697395833,-0.553781814796233,0.579943415264517,0.723006379772741,-7.37274371654438
"hsa-miR-30e-5p",0.0900535840989392,8.44961155381944,0.52848424538963,0.597367155970675,0.742758103984701,-7.38641084669602
"hsa-miR-378",0.0186995901060145,5.92643494444444,0.513854338318641,0.607551203914126,0.752882677325002,-7.39402341162471
"hsa-miR-510",0.0280448127208581,6.03784892361111,0.512191458413633,0.608713654007448,0.752882677325002,-7.39487516659441
"hsa-miR-148b",-0.0594412837455884,7.55394828298611,-0.492895068096708,0.622274866981782,0.767635662680938,-7.40455737793835
"hsa-miR-555",-0.00682626007067277,5.74131795138889,-0.490221329303521,0.624164253379496,0.76795078295383,-7.40586966027833
"hsa-miR-501",0.0497083618374559,6.45710156944444,0.482814310765685,0.629411319092138,0.772384647449882,-7.40946781032197
"hsa-miR-191*",0.0391148378091941,6.01537456076389,0.477756115304363,0.633005329151745,0.774772147659688,-7.41189350690412
"hsa-miR-558",-0.00590483144876774,5.73682378298611,-0.475365842860874,0.634706728284906,0.774836785178976,-7.4130308990849
"hsa-miR-384",-0.00655187491165687,5.72192107291667,-0.459001219918754,0.646406716605942,0.787075535763712,-7.4206647650873
"hsa-miR-125b",-0.0949439275618342,13.3880479045139,-0.455564759636949,0.648874940642129,0.788039333596384,-7.42223387857985
"hsa-miR-597",-0.0066331296819726,5.78521742881944,-0.447839228414906,0.654437876161016,0.79274691184453,-7.42571839225009
"hsa-miR-206",0.0350714568904609,6.04735397743056,0.418972396121942,0.675392739386745,0.815724616587569,-7.43821142235801
"hsa-miR-548c",0.00919291660778043,5.76294651736111,0.416937973357695,0.676879357874531,0.815724616587569,-7.43906051478115
"hsa-miR-22",-0.0888127017667806,11.4989633854167,-0.413359375783411,0.679497417301931,0.815724616587569,-7.44054406526353
"hsa-miR-337",0.0168508819788045,5.85048763194444,0.412196443133844,0.680349041919845,0.815724616587569,-7.44102342141972
"hsa-miR-122a",-0.00859278621907755,5.79050789409722,-0.406566965086745,0.68447731593032,0.818586103020993,-7.4433247888682
"hsa-miR-654",-0.0248671844522939,6.1521649375,-0.385925756352013,0.699694375056023,0.834660802731804,-7.45149245084442
"hsa-miR-363*",-0.00624290954064222,5.73824977430556,-0.370890205404722,0.710855887398088,0.845328118391174,-7.45717427093003
"hsa-miR-376b",0.0610137554770303,6.37242788888889,0.367897867528074,0.713084751532284,0.845328118391174,-7.45827812966363
"hsa-miR-412",-0.00727585265016195,5.74066756423611,-0.36662651268127,0.714032474470842,0.845328118391174,-7.45874442082294
"hsa-miR-767-5p",0.0164379989399333,5.97970621701389,0.351232159518676,0.725542819345688,0.85479469564255,-7.46426251511035
"hsa-let-7d",-0.0568812498233378,11.544354671875,-0.351067689374326,0.725666135236974,0.85479469564255,-7.46432019210143
"hsa-miR-652",-0.0476829388692561,8.04688628993055,-0.345931459876175,0.729520734623596,0.85569989572148,-7.46610779485589
"hsa-miR-518d",0.00923619858657521,5.83750694791667,0.34448083831198,0.730610633514545,0.85569989572148,-7.46660789701419
"hsa-miR-515-5p",-0.00533647985865837,5.73369226736111,-0.342770314040148,0.731896506553266,0.85569989572148,-7.4671949017741
"hsa-miR-140",-0.0657458565371059,8.35910386458333,-0.338128411770093,0.735389816162664,0.857650654085489,-7.46877315636313
"hsa-miR-570",-0.00439529858657561,5.73433000868056,-0.32175524877087,0.74775503107461,0.86991303120066,-7.47416830971777
"hsa-miR-517a",0.0139290734982387,5.85282264930556,0.317638699247827,0.750874308058759,0.871384999475597,-7.47548265898134
"hsa-miR-766",0.0547739604240354,6.70183942361111,0.312064903685835,0.755104305094245,0.872408498876431,-7.47723532214603
"hsa-miR-489",0.0177724240282711,6.016374875,0.308081012623215,0.758132237937601,0.872408498876431,-7.4784690371666
"hsa-miR-768-3p",0.0589216314487704,9.98067078645833,0.302821376192243,0.762135490856334,0.872408498876431,-7.48007355005458
"hsa-miR-767-3p",-0.00850741095406349,5.75839388715278,-0.301492018776024,0.763148316888435,0.872408498876431,-7.48047471332735
"hsa-miR-150",0.0290990318021231,6.31639884027778,0.299940504964932,0.764330916130868,0.872408498876431,-7.48094068594361
"hsa-miR-548a",-0.00502897173145023,5.73189633680556,-0.299769764455678,0.764461092166511,0.872408498876431,-7.48099181835683
"hsa-miR-372",-0.0125281713780936,5.78156933159722,-0.297521122307268,0.766176124043341,0.872408498876431,-7.48166251327267
"hsa-miR-518a",0.0125040830388778,5.81044999826389,0.29695803907796,0.76660576603397,0.872408498876431,-7.4818296718408
"hsa-miR-522",0.00560644381625597,5.84284640972222,0.279425657844288,0.780018643338104,0.885528411519104,-7.48687600548072
"hsa-miR-519b",-0.0051667056537017,5.77939189409722,-0.267469263045195,0.789203768633698,0.889693545251632,-7.49014138605874
"hsa-miR-302b",-0.0039599826855099,5.76724546701389,-0.267336406286615,0.789305999475342,0.889693545251632,-7.49017686836383
"hsa-miR-526c",-0.00702838480565582,5.85947743576389,-0.267257912406686,0.789366400787087,0.889693545251632,-7.49019782358988
"hsa-miR-519c",0.00444830035335553,5.76362307291667,0.2582443115431,0.796310751011313,0.894775970318078,-7.49256323618046
"hsa-miR-302d",0.00364989399292881,5.76714002777778,0.256038724308583,0.798012490716791,0.894775970318078,-7.49312968761905
"hsa-miR-657",0.0104019745583077,5.77904478472222,0.253589752990284,0.79990314322658,0.894775970318078,-7.49375295519493
"hsa-miR-649",-0.00401582473498063,5.75940569444444,-0.247650154404917,0.804493492183203,0.894775970318078,-7.49523971730167
"hsa-miR-520a",0.00927515053003614,5.81413092361111,0.247265678669826,0.804790864605726,0.894775970318078,-7.49533474281622
"hsa-miR-519d",0.016718558657244,5.84713310590278,0.244363677171361,0.80703632575642,0.894775970318078,-7.49604722826403
"hsa-miR-591",-0.00339614628974871,5.74881461458333,-0.244149447813977,0.807202151946521,0.894775970318078,-7.49609949150774
"hsa-miR-515-3p",0.00788333427562105,5.83376077083333,0.238819329403416,0.811330757484383,0.897236367100376,-7.4973850684239
"hsa-miR-302c",-0.0042468098939894,5.79396181944444,-0.229398303438498,0.818640913593372,0.903195374152312,-7.49958794803578
"hsa-miR-380-5p",0.00273018621908516,5.73682288715278,0.220540986857153,0.825528124009249,0.905648452107029,-7.50157818167901
"hsa-miR-511",-0.00334468621907913,5.74297178125,-0.219310632279845,0.826485893229485,0.905648452107029,-7.50184844441874
"hsa-miR-220",-0.00356132862190695,5.7698115,-0.219106177022591,0.826645076497692,0.905648452107029,-7.50189320909092
"hsa-miR-601",0.041660860777383,7.76283388194444,0.2027577136159,0.839396121595499,0.917479481743917,-7.50533751619786
"hsa-miR-325",-0.00347853639576012,5.76658995486111,-0.195955421485996,0.844714276056469,0.921150138623063,-7.50669199444649
"hsa-miR-668",-0.00879311307420583,5.90445604513889,-0.192931193484399,0.847080967776157,0.921592719571282,-7.50727934206311
"hsa-miR-518f",0.00735419611307453,5.78276251909722,0.190069131235205,0.849322026932765,0.921896888356581,-7.50782678236049
"hsa-miR-520h",0.00671204734983011,5.77538721875,0.185326712333744,0.853038127992552,0.923797051051842,-7.50871587907852
"hsa-miR-506",-0.00689601484099356,5.91228960763889,-0.175894954007729,0.860438385954004,0.92793723397911,-7.51041736380278
"hsa-miR-549",0.00261394699647166,5.75771406597222,0.174451618476911,0.861571944144702,0.92793723397911,-7.51066990268615
"hsa-miR-520g",0.00737398763250852,5.79909446701389,0.171857772543833,0.863609800424326,0.92793723397911,-7.51111851589519
"hsa-miR-335",-0.0399292275618377,7.72719978819444,-0.170396147413589,0.864758528686915,0.92793723397911,-7.51136834818798
"hsa-miR-587",-0.00222690035335482,5.72460386111111,-0.166039946301952,0.868183868349044,0.929490701877109,-7.51210028803132
"hsa-miR-568",0.00425324204947053,5.74289940104167,0.16311603521197,0.870484375374003,0.929647443163029,-7.5125809410995
"hsa-miR-593",0.00224982261483841,5.73866066319444,0.160826895789652,0.872286217946587,0.929647443163029,-7.51295128671023
"hsa-miR-586",-0.00212861448763402,5.747764640625,-0.149158507010992,0.881480849315395,0.93732126510913,-7.51475771295643
"hsa-miR-202*",0.00246693710247392,5.75639020833333,0.142020057576277,0.887113899657343,0.938426187316244,-7.51579579946102
"hsa-miR-599",-0.00224848551236612,5.73902485069444,-0.141374689653618,0.887623454837908,0.938426187316244,-7.51588714141231
"hsa-miR-589",0.00191907279151771,5.76868905555556,0.139864580405129,0.888815954769524,0.938426187316244,-7.51609924874011
"hsa-let-7a",-0.0229576600706718,13.9531225104167,-0.137724257382616,0.890506552219245,0.938426187316244,-7.51639597299679
"hsa-miR-646",-0.00182277561837818,5.76069086979167,-0.123635725734926,0.901646901184364,0.946578002422257,-7.51823495794008
"hsa-miR-431",0.0100007731448759,6.23576404861111,0.122467047457092,0.902571924287371,0.946578002422257,-7.5183786015566
"hsa-miR-147",0.00225249116607529,5.77961588541667,0.120304328398424,0.90428409167573,0.946578002422257,-7.51864082574262
"hsa-miR-765",-0.0278820303887013,7.55237373263889,-0.114532237047457,0.908855867028943,0.949249461119118,-7.51931780410327
"hsa-miR-202",-0.0304932268551354,8.37838856944444,-0.105978101847959,0.915636680911693,0.954211175229481,-7.52025987191523
"hsa-miR-518c",-0.00152262720848118,5.74580630729167,-0.0935682822561366,0.925484693680815,0.962340278827396,-7.52149663946276
"hsa-miR-644",0.00130626113074417,5.74099028298611,0.0878500827716304,0.930026411744527,0.962456390517634,-7.52201474786048
"hsa-miR-675",-0.00157431095406046,5.77689302083333,-0.0833873330377516,0.93357257623947,0.962456390517634,-7.52239641253135
"hsa-miR-208",-0.0013857957597132,5.70397616319444,-0.0825196342639861,0.934262217761879,0.962456390517634,-7.52246831018465
"hsa-miR-575",-0.0220008816254342,8.722743578125,-0.0798753157385004,0.936364208384972,0.962456390517634,-7.52268278070796
"hsa-miR-563",0.00435915724381708,5.76808297743056,0.0762037072262653,0.939283534700717,0.962456390517634,-7.52296898926191
"hsa-miR-525*",0.00227805865724839,5.78490630902778,0.0761502559699044,0.939326040375419,0.962456390517634,-7.52297305644381
"hsa-miR-517b",-0.0060459512367439,5.88801441319444,-0.0753897696166136,0.939930815420413,0.962456390517634,-7.52303061378877
"hsa-miR-554",-0.00181333038869269,5.75178265104167,-0.0673523803583014,0.946324586451652,0.966838269882347,-7.5236036072742
"hsa-let-7g",-0.0116109710247425,11.1652727083333,-0.0648394710360158,0.948324345565451,0.966838269882347,-7.52376951419814
"hsa-miR-302a",0.00123866431095809,5.83091615972222,0.0610495753191679,0.951340936625265,0.967814372757305,-7.52400780019369
"hsa-miR-641",0.00120518056537566,5.82141555729167,0.0553528606018691,0.955876573940034,0.970328271602194,-7.52433898491015
"hsa-miR-453",-0.00230425194345507,5.85797785243056,-0.0455471450476413,0.963687008195429,0.976148478128991,-7.52483313042086
"hsa-miR-616",0.000801921908132108,5.74648669965278,0.0381109999084004,0.969612406282055,0.97866702852128,-7.52514383029034
"hsa-miR-578",-0.000580965724383375,5.74240672048611,-0.0372006271986487,0.970337947427482,0.97866702852128,-7.52517807287246
"hsa-miR-524",0.000772256183748432,5.77740684895833,0.0281934443751486,0.977517646243544,0.983797202857529,-7.52547225267318
"hsa-miR-99b",0.00337478727915119,8.05130309722222,0.0204647743059853,0.983679710232721,0.985690736214568,-7.52566007483406
"hsa-miR-26a",-0.00570035335687891,12.3739886111111,-0.0188500336548146,0.984967277564261,0.985690736214568,-7.52569178109007
"hsa-miR-518b",0.00102132932862009,5.81208469791667,0.017942764652612,0.985690736214568,0.985690736214568,-7.52570845298463
